{"cameraMode":{"drawMode":0,"name":"Shaded","section":"Shading Mode"},"sceneLighting":true,"audioPlay":false,"sceneViewState":{"m_AlwaysRefresh":false,"showFog":true,"showSkybox":true,"showFlares":true,"showImageEffects":true,"showParticleSystems":true,"showVisualEffectGraphs":true,"m_FxEnabled":true},"in2DMode":false,"pivot":{"x":-0.8999999165534973,"y":1.8200000524520875,"z":26.920000076293947},"rotation":{"x":0.000003617230959207518,"y":0.9999716877937317,"z":-0.00780934002250433,"w":0.0003005003381986171},"size":7.033041477203369,"orthographic":false}